[{"id":1,"card_number_id":"403963","first_name":"Babbette","last_name":"Lamplugh"},
{"id":2,"card_number_id":"786255","first_name":"Tanny","last_name":"Polamontayne"},
{"id":3,"card_number_id":"209104","first_name":"Carney","last_name":"Vlasenkov"},
{"id":4,"card_number_id":"254915","first_name":"Jonathan","last_name":"Danovich"},
{"id":5,"card_number_id":"208017","first_name":"Marya","last_name":"Collocott"},
{"id":6,"card_number_id":"988564","first_name":"Yolanda","last_name":"Lippiatt"},
{"id":7,"card_number_id":"341426","first_name":"Eada","last_name":"Reyburn"},
{"id":8,"card_number_id":"415671","first_name":"Allina","last_name":"Avramchik"},
{"id":9,"card_number_id":"183640","first_name":"Deane","last_name":"Honeyghan"},
{"id":10,"card_number_id":"433740","first_name":"Caralie","last_name":"Janicki"},
{"id":11,"card_number_id":"351219","first_name":"Panchito","last_name":"Scogin"},
{"id":12,"card_number_id":"466700","first_name":"Darya","last_name":"Curwood"},
{"id":13,"card_number_id":"215604","first_name":"Linc","last_name":"Grevatt"},
{"id":14,"card_number_id":"942224","first_name":"Findley","last_name":"Howgate"},
{"id":15,"card_number_id":"103286","first_name":"Tiebout","last_name":"Enterle"},
{"id":16,"card_number_id":"897004","first_name":"Tabb","last_name":"Edling"},
{"id":17,"card_number_id":"620836","first_name":"Marcelia","last_name":"Dedney"},
{"id":18,"card_number_id":"653474","first_name":"Constantine","last_name":"Martina"},
{"id":19,"card_number_id":"166289","first_name":"Griffith","last_name":"Fern"},
{"id":20,"card_number_id":"386202","first_name":"Jeanelle","last_name":"Burry"}]