[
    {
        "id": 1,
        "card_number_id": "402323",
        "first_name": "Jhon",
        "last_name": "Doe",
        "warehouse_id": 1
    },
    {
        "id": 2,
        "card_number_id": "402324",
        "first_name": "Alice",
        "last_name": "Smith",
        "warehouse_id": 2
    },
    {
        "id": 3,
        "card_number_id": "402325",
        "first_name": "Bob",
        "last_name": "Johnson",
        "warehouse_id": 1
    },
    {
        "id": 4,
        "card_number_id": "402326",
        "first_name": "Mike",
        "last_name": "Williams",
        "warehouse_id": 3
    },
    {
        "id": 5,
        "card_number_id": "402327",
        "first_name": "Emma",
        "last_name": "Jones",
        "warehouse_id": 2
    },
    {
        "id": 6,
        "card_number_id": "402328",
        "first_name": "Liam",
        "last_name": "Brown",
        "warehouse_id": 1
    },
    {
        "id": 7,
        "card_number_id": "402329",
        "first_name": "Olivia",
        "last_name": "Davis",
        "warehouse_id": 3
    },
    {
        "id": 8,
        "card_number_id": "402330",
        "first_name": "Noah",
        "last_name": "Miller",
        "warehouse_id": 2
    },
    {
        "id": 9,
        "card_number_id": "402331",
        "first_name": "Sophia",
        "last_name": "Wilson",
        "warehouse_id": 1
    },
    {
        "id": 10,
        "card_number_id": "402332",
        "first_name": "Lucas",
        "last_name": "Moore",
        "warehouse_id": 3
    },
    {
        "id": 11,
        "card_number_id": "402333",
        "first_name": "Mia",
        "last_name": "Taylor",
        "warehouse_id": 2
    },
    {
        "id": 12,
        "card_number_id": "402334",
        "first_name": "Ethan",
        "last_name": "Anderson",
        "warehouse_id": 1
    },
    {
        "id": 13,
        "card_number_id": "402335",
        "first_name": "Ava",
        "last_name": "Thomas",
        "warehouse_id": 3
    },
    {
        "id": 14,
        "card_number_id": "402336",
        "first_name": "Isabella",
        "last_name": "Jackson",
        "warehouse_id": 2
    },
    {
        "id": 15,
        "card_number_id": "402337",
        "first_name": "James",
        "last_name": "White",
        "warehouse_id": 1
    },
    {
        "id": 16,
        "card_number_id": "402338",
        "first_name": "Charlotte",
        "last_name": "Harris",
        "warehouse_id": 3
    },
    {
        "id": 17,
        "card_number_id": "402339",
        "first_name": "Amelia",
        "last_name": "Martin",
        "warehouse_id": 2
    },
    {
        "id": 18,
        "card_number_id": "402340",
        "first_name": "Daniel",
        "last_name": "Thompson",
        "warehouse_id": 1
    },
    {
        "id": 19,
        "card_number_id": "402341",
        "first_name": "Harper",
        "last_name": "Garcia",
        "warehouse_id": 3
    },
    {
        "id": 20,
        "card_number_id": "402342",
        "first_name": "Matthew",
        "last_name": "Martinez",
        "warehouse_id": 2
    },
    {
        "id": 21,
        "card_number_id": "402343",
        "first_name": "Ella",
        "last_name": "Robinson",
        "warehouse_id": 1
    },
    {
        "id": 22,
        "card_number_id": "402344",
        "first_name": "Jackson",
        "last_name": "Clark",
        "warehouse_id": 3
    },
    {
        "id": 23,
        "card_number_id": "402345",
        "first_name": "Chloe",
        "last_name": "Rodriguez",
        "warehouse_id": 2
    },
    {
        "id": 24,
        "card_number_id": "402346",
        "first_name": "Lucas",
        "last_name": "Lewis",
        "warehouse_id": 1
    },
    {
        "id": 25,
        "card_number_id": "402347",
        "first_name": "Grace",
        "last_name": "Lee",
        "warehouse_id": 3
    },
    {
        "id": 26,
        "card_number_id": "402348",
        "first_name": "Henry",
        "last_name": "Walker",
        "warehouse_id": 2
    },
    {
        "id": 27,
        "card_number_id": "402349",
        "first_name": "Scarlett",
        "last_name": "Hall",
        "warehouse_id": 1
    },
    {
        "id": 28,
        "card_number_id": "402350",
        "first_name": "Alexander",
        "last_name": "Allen",
        "warehouse_id": 3
    },
    {
        "id": 29,
        "card_number_id": "402351",
        "first_name": "Victoria",
        "last_name": "Young",
        "warehouse_id": 2
    },
    {
        "id": 30,
        "card_number_id": "402352",
        "first_name": "Benjamin",
        "last_name": "Hernandez",
        "warehouse_id": 1
    },
    {
        "id": 31,
        "card_number_id": "402353",
        "first_name": "Lily",
        "last_name": "King",
        "warehouse_id": 3
    },
    {
        "id": 32,
        "card_number_id": "402354",
        "first_name": "Samuel",
        "last_name": "Wright",
        "warehouse_id": 2
    },
    {
        "id": 33,
        "card_number_id": "402355",
        "first_name": "Zoe",
        "last_name": "Scott",
        "warehouse_id": 1
    },
    {
        "id": 34,
        "card_number_id": "402356",
        "first_name": "Gabriel",
        "last_name": "Torres",
        "warehouse_id": 3
    },
    {
        "id": 35,
        "card_number_id": "402357",
        "first_name": "Natalie",
        "last_name": "Nguyen",
        "warehouse_id": 2
    },
    {
        "id": 36,
        "card_number_id": "402358",
        "first_name": "Isaac",
        "last_name": "Flores",
        "warehouse_id": 1
    },
    {
        "id": 37,
        "card_number_id": "402359",
        "first_name": "Hannah",
        "last_name": "Rivera",
        "warehouse_id": 3
    },
    {
        "id": 38,
        "card_number_id": "402360",
        "first_name": "Eli",
        "last_name": "Cooper",
        "warehouse_id": 2
    },
    {
        "id": 39,
        "card_number_id": "402361",
        "first_name": "Ellie",
        "last_name": "Reyes",
        "warehouse_id": 1
    },
    {
        "id": 40,
        "card_number_id": "402362",
        "first_name": "Aiden",
        "last_name": "Stewart",
        "warehouse_id": 3
    },
    {
        "id": 41,
        "card_number_id": "402363",
        "first_name": "Lucy",
        "last_name": "Morris",
        "warehouse_id": 2
    },
    {
        "id": 42,
        "card_number_id": "402364",
        "first_name": "Owen",
        "last_name": "Rogers",
        "warehouse_id": 1
    },
    {
        "id": 43,
        "card_number_id": "402365",
        "first_name": "Aria",
        "last_name": "Peterson",
        "warehouse_id": 3
    },
    {
        "id": 44,
        "card_number_id": "402366",
        "first_name": "Noah",
        "last_name": "Hughes",
        "warehouse_id": 2
    },
    {
        "id": 45,
        "card_number_id": "402367",
        "first_name": "Avery",
        "last_name": "Patel",
        "warehouse_id": 1
    },
    {
        "id": 46,
        "card_number_id": "402368",
        "first_name": "Elijah",
        "last_name": "Diaz",
        "warehouse_id": 3
    },
    {
        "id": 47,
        "card_number_id": "402369",
        "first_name": "Nora",
        "last_name": "Carter",
        "warehouse_id": 2
    },
    {
        "id": 48,
        "card_number_id": "402370",
        "first_name": "Luke",
        "last_name": "Mitchell",
        "warehouse_id": 1
    },
    {
        "id": 49,
        "card_number_id": "402371",
        "first_name": "Riley",
        "last_name": "Cruz",
        "warehouse_id": 3
    },
    {
        "id": 50,
        "card_number_id": "402372",
        "first_name": "Caleb",
        "last_name": "Sanchez",
        "warehouse_id": 2
    }
]