[{"id": 1, "description": "Yogurt", "expiration_rate": 1, "freezing_rate": 2, "height": 6.4, "length": 4.5, "net_weight": 3.4, "product_code": "PROD01", "recommended_freezing_temperature": 1.3, "width": 1.2, "product_type_id": 2, "seller_id": 2},
{ "id": 2, "description": "Milk", "expiration_rate": 5, "freezing_rate": 3, "height": 10.0, "length": 3.0, "net_weight": 2.0, "product_code": "PROD02", "recommended_freezing_temperature": -1.5, "width": 2.5, "product_type_id": 1, "seller_id": 3 },
{ "id": 3, "description": "Cheese", "expiration_rate": 4, "freezing_rate": 1, "height": 5.0, "length": 4.0, "net_weight": 0.5, "product_code": "PROD03", "recommended_freezing_temperature": -4.0, "width": 5.0, "product_type_id": 2, "seller_id": 1 },
{ "id": 4, "description": "Butter", "expiration_rate": 3, "freezing_rate": 1, "height": 4.0, "length": 6.0, "net_weight": 0.25, "product_code": "PROD04", "recommended_freezing_temperature": -5.0, "width": 1.5, "product_type_id": 2, "seller_id": 4 },
{ "id": 5, "description": "Ice Cream", "expiration_rate": 2, "freezing_rate": 10, "height": 7.0, "length": 3.5, "net_weight": 1.0, "product_code": "PROD05", "recommended_freezing_temperature": -20.0, "width": 3.0, "product_type_id": 3, "seller_id": 5 },
{ "id": 6, "description": "Orange Juice", "expiration_rate": 7, "freezing_rate": 2, "height": 10.0, "length": 7.0, "net_weight": 1.5, "product_code": "PROD06", "recommended_freezing_temperature": -2.0, "width": 4.0, "product_type_id": 4, "seller_id": 2 },
{ "id": 7, "description": "Frozen Vegetables", "expiration_rate": 12, "freezing_rate": 8, "height": 8.0, "length": 10.0, "net_weight": 1.2, "product_code": "PROD07", "recommended_freezing_temperature": -18.0, "width": 5.0, "product_type_id": 3, "seller_id": 6 },
{ "id": 8, "description": "Bread", "expiration_rate": 14, "freezing_rate": 3, "height": 5.0, "length": 10.0, "net_weight": 0.4, "product_code": "PROD08", "recommended_freezing_temperature": -5.0, "width": 3.0, "product_type_id": 5, "seller_id": 1 },
{ "id": 9, "description": "Chicken Breast", "expiration_rate": 7, "freezing_rate": 5, "height": 1.5, "length": 9.0, "net_weight": 1.0, "product_code": "PROD09", "recommended_freezing_temperature": -18.0, "width": 7.0, "product_type_id": 6, "seller_id": 7 },
{ "id": 10, "description": "Salmon", "expiration_rate": 3, "freezing_rate": 4, "height": 2.0, "length": 12.0, "net_weight": 1.5, "product_code": "PROD10", "recommended_freezing_temperature": -20.0, "width": 4.0, "product_type_id": 6, "seller_id": 8 },
{ "id": 11, "description": "Apples", "expiration_rate": 14, "freezing_rate": 1, "height": 4.0, "length": 3.0, "net_weight": 0.2, "product_code": "PROD11", "recommended_freezing_temperature": 0.0, "width": 3.0, "product_type_id": 7, "seller_id": 9 },
{ "id": 12, "description": "Pasta", "expiration_rate": 24, "freezing_rate": 1, "height": 2.0, "length": 10.0, "net_weight": 1.0, "product_code": "PROD12", "recommended_freezing_temperature": -5.0, "width": 5.0, "product_type_id": 8, "seller_id": 1 },
{ "id": 13, "description": "Rice", "expiration_rate": 36, "freezing_rate": 1, "height": 5.0, "length": 5.0, "net_weight": 1.0, "product_code": "PROD13", "recommended_freezing_temperature": 0.0, "width": 5.0, "product_type_id": 8, "seller_id": 2 },
{ "id": 14, "description": "Frozen Berries", "expiration_rate": 10, "freezing_rate": 8, "height": 3.0, "length": 7.0, "net_weight": 0.5, "product_code": "PROD14", "recommended_freezing_temperature": -18.0, "width": 4.0, "product_type_id": 3, "seller_id": 3 },
{ "id": 15, "description": "Tofu", "expiration_rate": 14, "freezing_rate": 1, "height": 4.0, "length": 4.5, "net_weight": 0.3, "product_code": "PROD15", "recommended_freezing_temperature": -4.0, "width": 3.0, "product_type_id": 9, "seller_id": 4 },
{ "id": 16, "description": "Ground Beef", "expiration_rate": 3, "freezing_rate": 5, "height": 2.0, "length": 8.0, "net_weight": 1.5, "product_code": "PROD16", "recommended_freezing_temperature": -18.0, "width": 6.0, "product_type_id": 6, "seller_id": 5 },
{ "id": 17, "description": "Peanut Butter", "expiration_rate": 12, "freezing_rate": 1, "height": 6.0, "length": 4.0, "net_weight": 0.5, "product_code": "PROD17", "recommended_freezing_temperature": -10.0, "width": 4.0, "product_type_id": 10, "seller_id": 6 },
{ "id": 18, "description": "Cereal", "expiration_rate": 12, "freezing_rate": 1, "height": 8.0, "length": 6.0, "net_weight": 0.8, "product_code": "PROD18", "recommended_freezing_temperature": 0.0, "width": 6.0, "product_type_id": 11, "seller_id": 7 },
{ "id": 19, "description": "Olive Oil", "expiration_rate": 24, "freezing_rate": 1, "height": 12.0, "length": 4.0, "net_weight": 0.5, "product_code": "PROD19", "recommended_freezing_temperature": 0.0, "width": 2.0, "product_type_id": 12, "seller_id": 8 },
{ "id": 20, "description": "Soy Sauce", "expiration_rate": 36, "freezing_rate": 1, "height": 10.0, "length": 3.0, "net_weight": 0.5, "product_code": "PROD20", "recommended_freezing_temperature": 0.0, "width": 1.5, "product_type_id": 12, "seller_id": 9 },
{ "id": 21, "description": "Granola Bars", "expiration_rate": 12, "freezing_rate": 1, "height": 3.0, "length": 6.0, "net_weight": 0.3, "product_code": "PROD21", "recommended_freezing_temperature": 0.0, "width": 3.0, "product_type_id": 11, "seller_id": 1 },
{ "id": 22, "description": "Chickpeas", "expiration_rate": 24, "freezing_rate": 1, "height": 4.0, "length": 4.0, "net_weight": 0.5, "product_code": "PROD22", "recommended_freezing_temperature": 0.0, "width": 4.0, "product_type_id": 10, "seller_id": 2 },
{ "id": 23, "description": "Frozen Pizza", "expiration_rate": 6, "freezing_rate": 10, "height": 1.5, "length": 10.0, "net_weight": 0.65, "product_code": "PROD23", "recommended_freezing_temperature": -18.0, "width": 10.0, "product_type_id": 3, "seller_id": 3 },
{ "id": 24, "description": "Lettuce", "expiration_rate": 5, "freezing_rate": 1, "height": 1.0, "length": 8.0, "net_weight": 0.2, "product_code": "PROD24", "recommended_freezing_temperature": 0.0, "width": 5.0, "product_type_id": 7, "seller_id": 4 },
{ "id": 25, "description": "Spinach", "expiration_rate": 7, "freezing_rate": 1, "height": 2.0, "length": 4.0, "net_weight": 0.5, "product_code": "PROD25", "recommended_freezing_temperature": -1.0, "width": 3.0, "product_type_id": 7, "seller_id": 5 },
{ "id": 26, "description": "Bell Peppers", "expiration_rate": 10, "freezing_rate": 1, "height": 3.0, "length": 5.0, "net_weight": 0.3, "product_code": "PROD26", "recommended_freezing_temperature": -2.0, "width": 3.0, "product_type_id": 7, "seller_id": 6 },
{ "id": 27, "description": "Eggs", "expiration_rate": 21, "freezing_rate": 1, "height": 2.5, "length": 5.0, "net_weight": 0.6, "product_code": "PROD27", "recommended_freezing_temperature": 0.0, "width": 4.0, "product_type_id": 1, "seller_id": 7 },
{ "id": 28, "description": "Honey", "expiration_rate": 24, "freezing_rate": 1, "height": 12.0, "length": 3.5, "net_weight": 0.5, "product_code": "PROD28", "recommended_freezing_temperature": 0.0, "width": 3.0, "product_type_id": 12, "seller_id": 8 },
{ "id": 29, "description": "Yogurt Parfait", "expiration_rate": 5, "freezing_rate": 2, "height": 5.0, "length": 5.0, "net_weight": 0.25, "product_code": "PROD29", "recommended_freezing_temperature": 0.0, "width": 5.0, "product_type_id": 2, "seller_id": 9 },
{ "id": 30, "description": "Hot Sauce", "expiration_rate": 18, "freezing_rate": 1, "height": 5.0, "length": 2.0, "net_weight": 0.2, "product_code": "PROD30", "recommended_freezing_temperature": 0.0, "width": 2.0, "product_type_id": 10, "seller_id": 1 },
{ "id": 31, "description": "Almond Milk", "expiration_rate": 7, "freezing_rate": 1, "height": 10.0, "length": 4.0, "net_weight": 1.0, "product_code": "PROD31", "recommended_freezing_temperature": -2.0, "width": 4.0, "product_type_id": 1, "seller_id": 2 },
{ "id": 32, "description": "Coconut Water", "expiration_rate": 14, "freezing_rate": 1, "height": 12.0, "length": 5.0, "net_weight": 1.5, "product_code": "PROD32", "recommended_freezing_temperature": -1.0, "width": 6.0, "product_type_id": 4, "seller_id": 3 },
{ "id": 33, "description": "Popcorn", "expiration_rate": 24, "freezing_rate": 1, "height": 3.0, "length": 4.0, "net_weight": 0.5, "product_code": "PROD33", "recommended_freezing_temperature": 0.0, "width": 3.0, "product_type_id": 11, "seller_id": 4 },
{ "id": 34, "description": "Frozen Fries", "expiration_rate": 12, "freezing_rate": 10, "height": 1.0, "length": 10.0, "net_weight": 0.75, "product_code": "PROD34", "recommended_freezing_temperature": -18.0, "width": 5.0, "product_type_id": 3, "seller_id": 5 },
{ "id": 35, "description": "Frozen Chicken Nuggets", "expiration_rate": 6, "freezing_rate": 8, "height": 2.0, "length": 7.0, "net_weight": 0.5, "product_code": "PROD35", "recommended_freezing_temperature": -18.0, "width": 5.0, "product_type_id": 6, "seller_id": 6 },
{ "id": 36, "description": "Salsa", "expiration_rate": 12, "freezing_rate": 1, "height": 5.0, "length": 4.0, "net_weight": 0.25, "product_code": "PROD36", "recommended_freezing_temperature": 0.0, "width": 3.0, "product_type_id": 10, "seller_id": 7 },
{ "id": 37, "description": "Tahini", "expiration_rate": 18, "freezing_rate": 1, "height": 4.0, "length": 4.0, "net_weight": 0.5, "product_code": "PROD37", "recommended_freezing_temperature": 0.0, "width": 4.0, "product_type_id": 12, "seller_id": 8 },
{ "id": 38, "description": "Lasagna", "expiration_rate": 6, "freezing_rate": 5, "height": 4.0, "length": 10.0, "net_weight": 1.5, "product_code": "PROD38", "recommended_freezing_temperature": -18.0, "width": 8.0, "product_type_id": 3, "seller_id": 9 },
{ "id": 39, "description": "Carrots", "expiration_rate": 14, "freezing_rate": 1, "height": 6.0, "length": 2.0, "net_weight": 0.3, "product_code": "PROD39", "recommended_freezing_temperature": 0.0, "width": 3.0, "product_type_id": 7, "seller_id": 1 },
{ "id": 40, "description": "Zucchini", "expiration_rate": 7, "freezing_rate": 1, "height": 6.0, "length": 1.5, "net_weight": 0.4, "product_code": "PROD40", "recommended_freezing_temperature": 0.0, "width": 2.5, "product_type_id": 7, "seller_id": 2 },
{ "id": 41, "description": "Brown Sugar", "expiration_rate": 36, "freezing_rate": 1, "height": 6.0, "length": 8.0, "net_weight": 0.5, "product_code": "PROD41", "recommended_freezing_temperature": 0.0, "width": 4.0, "product_type_id": 12, "seller_id": 3 },
{ "id": 42, "description": "Maple Syrup", "expiration_rate": 24, "freezing_rate": 1, "height": 7.0, "length": 3.0, "net_weight": 0.35, "product_code": "PROD42", "recommended_freezing_temperature": 0.0, "width": 3.0, "product_type_id": 12, "seller_id": 4 },
{ "id": 43, "description": "Pineapple", "expiration_rate": 10, "freezing_rate": 1, "height": 6.0, "length": 6.0, "net_weight": 0.9, "product_code": "PROD43", "recommended_freezing_temperature": 0.0, "width": 6.0, "product_type_id": 7, "seller_id": 5 },
{ "id": 44, "description": "Cabbage", "expiration_rate": 21, "freezing_rate": 1, "height": 6.0, "length": 6.0, "net_weight": 1.0, "product_code": "PROD44", "recommended_freezing_temperature": 0.0, "width": 6.0, "product_type_id": 7, "seller_id": 6 },
{ "id": 45, "description": "Mushrooms", "expiration_rate": 5, "freezing_rate": 1, "height": 3.0, "length": 3.0, "net_weight": 0.2, "product_code": "PROD45", "recommended_freezing_temperature": -1.0, "width": 3.0, "product_type_id": 7, "seller_id": 7 },
{ "id": 46, "description": "Nut Butter", "expiration_rate": 12, "freezing_rate": 1, "height": 8.0, "length": 4.0, "net_weight": 0.5, "product_code": "PROD46", "recommended_freezing_temperature": 0.0, "width": 4.0, "product_type_id": 10, "seller_id": 8 },
{ "id": 47, "description": "Pumpkin Puree", "expiration_rate": 12, "freezing_rate": 1, "height": 7.0, "length": 5.0, "net_weight": 0.5, "product_code": "PROD47", "recommended_freezing_temperature": 0.0, "width": 5.0, "product_type_id": 10, "seller_id": 9 },
{ "id": 48, "description": "Gelato", "expiration_rate": 6, "freezing_rate": 10, "height": 4.0, "length": 6.0, "net_weight": 0.75, "product_code": "PROD48", "recommended_freezing_temperature": -20.0, "width": 3.0, "product_type_id": 3, "seller_id": 1 },
{ "id": 49, "description": "Turmeric Powder", "expiration_rate": 24, "freezing_rate": 1, "height": 4.0, "length": 3.0, "net_weight": 0.2, "product_code": "PROD49", "recommended_freezing_temperature": 0.0, "width": 3.0, "product_type_id": 10, "seller_id": 2 },
{ "id": 50, "description": "Ginger Root", "expiration_rate": 14, "freezing_rate": 1, "height": 4.0, "length": 4.0, "net_weight": 0.3, "product_code": "PROD50", "recommended_freezing_temperature": 0.0, "width": 3.0, "product_type_id": 7, "seller_id": 3 }]
