[
    {
        "id": 1,
        "section_number": 13,
        "current_temperature": 22,
        "minimum_temperature": 0,
        "current_capacity": 30,
        "minimum_capacity": 19,
        "maximum_capacity": 68,
        "warehouse_id": 18,
        "product_type_id": 6
    },
    {
        "id": 2,
        "section_number": 1,
        "current_temperature": -2,
        "minimum_temperature": -19,
        "current_capacity": 29,
        "minimum_capacity": 24,
        "maximum_capacity": 84,
        "warehouse_id": 14,
        "product_type_id": 8
    },
    {
        "id": 3,
        "section_number": 8,
        "current_temperature": 24,
        "minimum_temperature": -15,
        "current_capacity": 34,
        "minimum_capacity": 31,
        "maximum_capacity": 190,
        "warehouse_id": 44,
        "product_type_id": 3
    },
    {
        "id": 4,
        "section_number": 16,
        "current_temperature": 19,
        "minimum_temperature": -16,
        "current_capacity": 42,
        "minimum_capacity": 30,
        "maximum_capacity": 88,
        "warehouse_id": 39,
        "product_type_id": 7
    },
    {
        "id": 5,
        "section_number": 2,
        "current_temperature": -9,
        "minimum_temperature": -16,
        "current_capacity": 39,
        "minimum_capacity": 34,
        "maximum_capacity": 66,
        "warehouse_id": 4,
        "product_type_id": 5
    },
    {
        "id": 6,
        "section_number": 12,
        "current_temperature": 0,
        "minimum_temperature": -13,
        "current_capacity": 38,
        "minimum_capacity": 27,
        "maximum_capacity": 63,
        "warehouse_id": 19,
        "product_type_id": 2
    },
    {
        "id": 7,
        "section_number": 10,
        "current_temperature": 1,
        "minimum_temperature": -6,
        "current_capacity": 57,
        "minimum_capacity": 40,
        "maximum_capacity": 148,
        "warehouse_id": 34,
        "product_type_id": 1
    },
    {
        "id": 8,
        "section_number": 11,
        "current_temperature": 1,
        "minimum_temperature": -1,
        "current_capacity": 43,
        "minimum_capacity": 28,
        "maximum_capacity": 87,
        "warehouse_id": 11,
        "product_type_id": 2
    },
    {
        "id": 9,
        "section_number": 13,
        "current_temperature": 12,
        "minimum_temperature": -4,
        "current_capacity": 66,
        "minimum_capacity": 46,
        "maximum_capacity": 68,
        "warehouse_id": 25,
        "product_type_id": 4
    },
    {
        "id": 10,
        "section_number": 17,
        "current_temperature": -7,
        "minimum_temperature": -16,
        "current_capacity": 80,
        "minimum_capacity": 10,
        "maximum_capacity": 134,
        "warehouse_id": 4,
        "product_type_id": 6
    },
    {
        "id": 11,
        "section_number": 17,
        "current_temperature": 13,
        "minimum_temperature": -7,
        "current_capacity": 51,
        "minimum_capacity": 46,
        "maximum_capacity": 87,
        "warehouse_id": 22,
        "product_type_id": 7
    },
    {
        "id": 12,
        "section_number": 4,
        "current_temperature": 7,
        "minimum_temperature": -19,
        "current_capacity": 99,
        "minimum_capacity": 9,
        "maximum_capacity": 105,
        "warehouse_id": 2,
        "product_type_id": 1
    },
    {
        "id": 13,
        "section_number": 16,
        "current_temperature": 22,
        "minimum_temperature": -6,
        "current_capacity": 88,
        "minimum_capacity": 40,
        "maximum_capacity": 117,
        "warehouse_id": 22,
        "product_type_id": 8
    },
    {
        "id": 14,
        "section_number": 2,
        "current_temperature": 25,
        "minimum_temperature": -18,
        "current_capacity": 33,
        "minimum_capacity": 14,
        "maximum_capacity": 53,
        "warehouse_id": 19,
        "product_type_id": 4
    },
    {
        "id": 15,
        "section_number": 5,
        "current_temperature": 19,
        "minimum_temperature": -13,
        "current_capacity": 82,
        "minimum_capacity": 15,
        "maximum_capacity": 121,
        "warehouse_id": 50,
        "product_type_id": 5
    },
    {
        "id": 16,
        "section_number": 12,
        "current_temperature": 6,
        "minimum_temperature": 0,
        "current_capacity": 43,
        "minimum_capacity": 32,
        "maximum_capacity": 69,
        "warehouse_id": 14,
        "product_type_id": 5
    },
    {
        "id": 17,
        "section_number": 20,
        "current_temperature": 24,
        "minimum_temperature": -12,
        "current_capacity": 50,
        "minimum_capacity": 40,
        "maximum_capacity": 153,
        "warehouse_id": 35,
        "product_type_id": 10
    },
    {
        "id": 18,
        "section_number": 17,
        "current_temperature": -1,
        "minimum_temperature": -8,
        "current_capacity": 36,
        "minimum_capacity": 33,
        "maximum_capacity": 123,
        "warehouse_id": 3,
        "product_type_id": 1
    },
    {
        "id": 19,
        "section_number": 15,
        "current_temperature": 1,
        "minimum_temperature": -15,
        "current_capacity": 44,
        "minimum_capacity": 8,
        "maximum_capacity": 73,
        "warehouse_id": 1,
        "product_type_id": 4
    },
    {
        "id": 20,
        "section_number": 17,
        "current_temperature": 7,
        "minimum_temperature": -3,
        "current_capacity": 36,
        "minimum_capacity": 20,
        "maximum_capacity": 137,
        "warehouse_id": 13,
        "product_type_id": 1
    },
    {
        "id": 21,
        "section_number": 15,
        "current_temperature": 2,
        "minimum_temperature": -4,
        "current_capacity": 64,
        "minimum_capacity": 17,
        "maximum_capacity": 167,
        "warehouse_id": 15,
        "product_type_id": 1
    },
    {
        "id": 22,
        "section_number": 13,
        "current_temperature": 28,
        "minimum_temperature": 0,
        "current_capacity": 96,
        "minimum_capacity": 6,
        "maximum_capacity": 169,
        "warehouse_id": 12,
        "product_type_id": 6
    },
    {
        "id": 23,
        "section_number": 10,
        "current_temperature": -2,
        "minimum_temperature": -20,
        "current_capacity": 40,
        "minimum_capacity": 14,
        "maximum_capacity": 180,
        "warehouse_id": 29,
        "product_type_id": 1
    },
    {
        "id": 24,
        "section_number": 9,
        "current_temperature": 9,
        "minimum_temperature": -20,
        "current_capacity": 46,
        "minimum_capacity": 45,
        "maximum_capacity": 75,
        "warehouse_id": 13,
        "product_type_id": 6
    },
    {
        "id": 25,
        "section_number": 7,
        "current_temperature": 0,
        "minimum_temperature": -11,
        "current_capacity": 14,
        "minimum_capacity": 9,
        "maximum_capacity": 108,
        "warehouse_id": 41,
        "product_type_id": 1
    },
    {
        "id": 26,
        "section_number": 11,
        "current_temperature": 10,
        "minimum_temperature": -12,
        "current_capacity": 93,
        "minimum_capacity": 8,
        "maximum_capacity": 121,
        "warehouse_id": 8,
        "product_type_id": 3
    },
    {
        "id": 27,
        "section_number": 20,
        "current_temperature": 9,
        "minimum_temperature": -2,
        "current_capacity": 70,
        "minimum_capacity": 29,
        "maximum_capacity": 184,
        "warehouse_id": 33,
        "product_type_id": 6
    },
    {
        "id": 28,
        "section_number": 14,
        "current_temperature": -10,
        "minimum_temperature": -14,
        "current_capacity": 51,
        "minimum_capacity": 40,
        "maximum_capacity": 63,
        "warehouse_id": 31,
        "product_type_id": 4
    },
    {
        "id": 29,
        "section_number": 14,
        "current_temperature": 0,
        "minimum_temperature": -4,
        "current_capacity": 90,
        "minimum_capacity": 14,
        "maximum_capacity": 113,
        "warehouse_id": 33,
        "product_type_id": 6
    },
    {
        "id": 30,
        "section_number": 10,
        "current_temperature": 26,
        "minimum_temperature": -16,
        "current_capacity": 52,
        "minimum_capacity": 21,
        "maximum_capacity": 53,
        "warehouse_id": 5,
        "product_type_id": 8
    },
    {
        "id": 31,
        "section_number": 5,
        "current_temperature": 7,
        "minimum_temperature": -1,
        "current_capacity": 33,
        "minimum_capacity": 30,
        "maximum_capacity": 162,
        "warehouse_id": 13,
        "product_type_id": 5
    },
    {
        "id": 32,
        "section_number": 1,
        "current_temperature": 9,
        "minimum_temperature": -19,
        "current_capacity": 133,
        "minimum_capacity": 33,
        "maximum_capacity": 152,
        "warehouse_id": 16,
        "product_type_id": 2
    },
    {
        "id": 33,
        "section_number": 10,
        "current_temperature": 14,
        "minimum_temperature": -1,
        "current_capacity": 79,
        "minimum_capacity": 28,
        "maximum_capacity": 164,
        "warehouse_id": 17,
        "product_type_id": 8
    },
    {
        "id": 34,
        "section_number": 17,
        "current_temperature": 5,
        "minimum_temperature": -20,
        "current_capacity": 59,
        "minimum_capacity": 36,
        "maximum_capacity": 191,
        "warehouse_id": 9,
        "product_type_id": 8
    },
    {
        "id": 35,
        "section_number": 6,
        "current_temperature": 12,
        "minimum_temperature": -6,
        "current_capacity": 89,
        "minimum_capacity": 30,
        "maximum_capacity": 151,
        "warehouse_id": 49,
        "product_type_id": 7
    },
    {
        "id": 36,
        "section_number": 6,
        "current_temperature": 13,
        "minimum_temperature": -7,
        "current_capacity": 44,
        "minimum_capacity": 30,
        "maximum_capacity": 72,
        "warehouse_id": 37,
        "product_type_id": 3
    },
    {
        "id": 37,
        "section_number": 15,
        "current_temperature": 10,
        "minimum_temperature": -2,
        "current_capacity": 33,
        "minimum_capacity": 22,
        "maximum_capacity": 52,
        "warehouse_id": 22,
        "product_type_id": 3
    },
    {
        "id": 38,
        "section_number": 3,
        "current_temperature": 30,
        "minimum_temperature": -7,
        "current_capacity": 47,
        "minimum_capacity": 16,
        "maximum_capacity": 159,
        "warehouse_id": 44,
        "product_type_id": 8
    },
    {
        "id": 39,
        "section_number": 17,
        "current_temperature": -8,
        "minimum_temperature": -18,
        "current_capacity": 98,
        "minimum_capacity": 11,
        "maximum_capacity": 171,
        "warehouse_id": 33,
        "product_type_id": 4
    },
    {
        "id": 40,
        "section_number": 1,
        "current_temperature": 0,
        "minimum_temperature": -13,
        "current_capacity": 88,
        "minimum_capacity": 5,
        "maximum_capacity": 108,
        "warehouse_id": 40,
        "product_type_id": 2
    },
    {
        "id": 41,
        "section_number": 16,
        "current_temperature": 8,
        "minimum_temperature": -17,
        "current_capacity": 68,
        "minimum_capacity": 48,
        "maximum_capacity": 126,
        "warehouse_id": 31,
        "product_type_id": 7
    },
    {
        "id": 42,
        "section_number": 7,
        "current_temperature": 5,
        "minimum_temperature": -5,
        "current_capacity": 59,
        "minimum_capacity": 38,
        "maximum_capacity": 198,
        "warehouse_id": 21,
        "product_type_id": 7
    },
    {
        "id": 43,
        "section_number": 8,
        "current_temperature": 12,
        "minimum_temperature": -1,
        "current_capacity": 79,
        "minimum_capacity": 36,
        "maximum_capacity": 125,
        "warehouse_id": 47,
        "product_type_id": 1
    },
    {
        "id": 44,
        "section_number": 8,
        "current_temperature": 7,
        "minimum_temperature": -5,
        "current_capacity": 67,
        "minimum_capacity": 6,
        "maximum_capacity": 112,
        "warehouse_id": 14,
        "product_type_id": 10
    },
    {
        "id": 45,
        "section_number": 3,
        "current_temperature": 28,
        "minimum_temperature": -16,
        "current_capacity": 19,
        "minimum_capacity": 12,
        "maximum_capacity": 66,
        "warehouse_id": 36,
        "product_type_id": 4
    },
    {
        "id": 46,
        "section_number": 4,
        "current_temperature": 2,
        "minimum_temperature": -3,
        "current_capacity": 68,
        "minimum_capacity": 20,
        "maximum_capacity": 157,
        "warehouse_id": 14,
        "product_type_id": 9
    },
    {
        "id": 47,
        "section_number": 13,
        "current_temperature": 9,
        "minimum_temperature": -11,
        "current_capacity": 33,
        "minimum_capacity": 22,
        "maximum_capacity": 113,
        "warehouse_id": 18,
        "product_type_id": 2
    },
    {
        "id": 48,
        "section_number": 20,
        "current_temperature": 10,
        "minimum_temperature": -13,
        "current_capacity": 100,
        "minimum_capacity": 22,
        "maximum_capacity": 135,
        "warehouse_id": 36,
        "product_type_id": 3
    },
    {
        "id": 49,
        "section_number": 8,
        "current_temperature": 27,
        "minimum_temperature": -11,
        "current_capacity": 76,
        "minimum_capacity": 25,
        "maximum_capacity": 167,
        "warehouse_id": 6,
        "product_type_id": 10
    },
    {
        "id": 50,
        "section_number": 6,
        "current_temperature": 40,
        "minimum_temperature": 5,
        "current_capacity": 28,
        "minimum_capacity": 24,
        "maximum_capacity": 185,
        "warehouse_id": 34,
        "product_type_id": 3
    },
    {
        "id": 51,
        "section_number": 13,
        "current_temperature": 22,
        "minimum_temperature": 0,
        "current_capacity": 30,
        "minimum_capacity": 19,
        "maximum_capacity": 68,
        "warehouse_id": 18,
        "product_type_id": 6
    }
]
