[
    {
        "id": 1,
        "cid": 390,
        "company_name": "Company_11",
        "address": "Address_976",
        "telephone": "20497052"
    },
    {
        "id": 2,
        "cid": 77,
        "company_name": "Company_96",
        "address": "Address_476",
        "telephone": "80162707"
    },
    {
        "id": 3,
        "cid": 41,
        "company_name": "Company_36",
        "address": "Address_847",
        "telephone": "46176504"
    },
    {
        "id": 4,
        "cid": 18,
        "company_name": "Company_93",
        "address": "Address_273",
        "telephone": "82536656"
    },
    {
        "id": 5,
        "cid": 96,
        "company_name": "Company_15",
        "address": "Address_773",
        "telephone": "96792420"
    },
    {
        "id": 6,
        "cid": 62,
        "company_name": "Company_6",
        "address": "Address_866",
        "telephone": "61895997"
    },
    {
        "id": 7,
        "cid": 87,
        "company_name": "Company_37",
        "address": "Address_660",
        "telephone": "70068172"
    },
    {
        "id": 8,
        "cid": 93,
        "company_name": "Company_56",
        "address": "Address_565",
        "telephone": "14757777"
    },
    {
        "id": 9,
        "cid": 3,
        "company_name": "Company_11",
        "address": "Address_47",
        "telephone": "63087946"
    },
    {
        "id": 10,
        "cid": 60,
        "company_name": "Company_75",
        "address": "Address_767",
        "telephone": "56475278"
    },
    {
        "id": 11,
        "cid": 24,
        "company_name": "Company_5",
        "address": "Address_639",
        "telephone": "99376601"
    },
    {
        "id": 12,
        "cid": 82,
        "company_name": "Company_100",
        "address": "Address_166",
        "telephone": "99226032"
    },
    {
        "id": 13,
        "cid": 68,
        "company_name": "Company_96",
        "address": "Address_792",
        "telephone": "62737241"
    },
    {
        "id": 14,
        "cid": 77,
        "company_name": "Company_98",
        "address": "Address_606",
        "telephone": "29417479"
    },
    {
        "id": 15,
        "cid": 18,
        "company_name": "Company_49",
        "address": "Address_55",
        "telephone": "44599219"
    },
    {
        "id": 16,
        "cid": 38,
        "company_name": "Company_28",
        "address": "Address_228",
        "telephone": "94684158"
    },
    {
        "id": 17,
        "cid": 66,
        "company_name": "Company_99",
        "address": "Address_458",
        "telephone": "54172853"
    },
    {
        "id": 18,
        "cid": 86,
        "company_name": "Company_66",
        "address": "Address_405",
        "telephone": "56359830"
    },
    {
        "id": 19,
        "cid": 77,
        "company_name": "Company_25",
        "address": "Address_499",
        "telephone": "82055940"
    },
    {
        "id": 20,
        "cid": 48,
        "company_name": "Company_31",
        "address": "Address_366",
        "telephone": "32333616"
    },
    {
        "id": 21,
        "cid": 80,
        "company_name": "Company_32",
        "address": "Address_69",
        "telephone": "11847282"
    },
    {
        "id": 22,
        "cid": 53,
        "company_name": "Company_12",
        "address": "Address_100",
        "telephone": "42188341"
    },
    {
        "id": 23,
        "cid": 56,
        "company_name": "Company_7",
        "address": "Address_484",
        "telephone": "85585651"
    },
    {
        "id": 24,
        "cid": 88,
        "company_name": "Company_87",
        "address": "Address_804",
        "telephone": "17062768"
    },
    {
        "id": 25,
        "cid": 28,
        "company_name": "Company_17",
        "address": "Address_93",
        "telephone": "75100875"
    },
    {
        "id": 26,
        "cid": 1,
        "company_name": "Company_48",
        "address": "Address_171",
        "telephone": "88468529"
    },
    {
        "id": 27,
        "cid": 84,
        "company_name": "Company_29",
        "address": "Address_444",
        "telephone": "94483100"
    },
    {
        "id": 28,
        "cid": 52,
        "company_name": "Company_69",
        "address": "Address_269",
        "telephone": "31641680"
    },
    {
        "id": 29,
        "cid": 50,
        "company_name": "Company_19",
        "address": "Address_44",
        "telephone": "87026512"
    },
    {
        "id": 30,
        "cid": 37,
        "company_name": "Company_96",
        "address": "Address_376",
        "telephone": "71673916"
    },
    {
        "id": 31,
        "cid": 1,
        "company_name": "Company_94",
        "address": "Address_793",
        "telephone": "99154506"
    },
    {
        "id": 32,
        "cid": 12,
        "company_name": "Company_41",
        "address": "Address_426",
        "telephone": "47898184"
    },
    {
        "id": 33,
        "cid": 12,
        "company_name": "Company_97",
        "address": "Address_698",
        "telephone": "17816979"
    },
    {
        "id": 34,
        "cid": 1,
        "company_name": "Company_80",
        "address": "Address_101",
        "telephone": "34814076"
    },
    {
        "id": 35,
        "cid": 69,
        "company_name": "Company_8",
        "address": "Address_601",
        "telephone": "54515037"
    },
    {
        "id": 36,
        "cid": 21,
        "company_name": "Company_25",
        "address": "Address_927",
        "telephone": "96449215"
    },
    {
        "id": 37,
        "cid": 30,
        "company_name": "Company_17",
        "address": "Address_442",
        "telephone": "57674931"
    },
    {
        "id": 38,
        "cid": 4,
        "company_name": "Company_69",
        "address": "Address_910",
        "telephone": "81671252"
    },
    {
        "id": 39,
        "cid": 29,
        "company_name": "Company_98",
        "address": "Address_636",
        "telephone": "50751355"
    },
    {
        "id": 40,
        "cid": 65,
        "company_name": "Company_79",
        "address": "Address_545",
        "telephone": "96093181"
    },
    {
        "id": 41,
        "cid": 64,
        "company_name": "Company_2",
        "address": "Address_287",
        "telephone": "41955494"
    },
    {
        "id": 42,
        "cid": 34,
        "company_name": "Company_33",
        "address": "Address_615",
        "telephone": "43355669"
    },
    {
        "id": 43,
        "cid": 91,
        "company_name": "Company_97",
        "address": "Address_77",
        "telephone": "14546882"
    },
    {
        "id": 44,
        "cid": 98,
        "company_name": "Company_62",
        "address": "Address_182",
        "telephone": "56195278"
    },
    {
        "id": 45,
        "cid": 98,
        "company_name": "Company_7",
        "address": "Address_297",
        "telephone": "65915821"
    },
    {
        "id": 46,
        "cid": 48,
        "company_name": "Company_4",
        "address": "Address_104",
        "telephone": "88885264"
    },
    {
        "id": 47,
        "cid": 26,
        "company_name": "Company_74",
        "address": "Address_891",
        "telephone": "59716221"
    },
    {
        "id": 48,
        "cid": 61,
        "company_name": "Company_71",
        "address": "Address_789",
        "telephone": "44834028"
    },
    {
        "id": 49,
        "cid": 72,
        "company_name": "Company_94",
        "address": "Address_118",
        "telephone": "36428966"
    },
    {
        "id": 50,
        "cid": 75,
        "company_name": "Company_23",
        "address": "Address_108",
        "telephone": "76416279"
    }
]