[
    {
        "id": 1,
        "address": "Address_25",
        "telephone": "78668060",
        "warehouse_code": "WH_D",
        "minimum_capacity": 32,
        "minimun_temperature": 10
    },
    {
        "id": 2,
        "address": "Address_933",
        "telephone": "89879465",
        "warehouse_code": "WH_E",
        "minimum_capacity": 28,
        "minimun_temperature": -1
    },
    {
        "id": 3,
        "address": "Address_534",
        "telephone": "68130075",
        "warehouse_code": "WH_C",
        "minimum_capacity": 29,
        "minimun_temperature": -8
    },
    {
        "id": 4,
        "address": "Address_343",
        "telephone": "91983068",
        "warehouse_code": "WH_A",
        "minimum_capacity": 48,
        "minimun_temperature": 1
    },
    {
        "id": 5,
        "address": "Address_721",
        "telephone": "42233582",
        "warehouse_code": "WH_C",
        "minimum_capacity": 21,
        "minimun_temperature": 9
    },
    {
        "id": 6,
        "address": "Address_785",
        "telephone": "81071878",
        "warehouse_code": "WH_B",
        "minimum_capacity": 44,
        "minimun_temperature": 2
    },
    {
        "id": 7,
        "address": "Address_177",
        "telephone": "22037696",
        "warehouse_code": "WH_B",
        "minimum_capacity": 19,
        "minimun_temperature": -8
    },
    {
        "id": 8,
        "address": "Address_178",
        "telephone": "92533535",
        "warehouse_code": "WH_B",
        "minimum_capacity": 15,
        "minimun_temperature": -1
    },
    {
        "id": 9,
        "address": "Address_457",
        "telephone": "16106289",
        "warehouse_code": "WH_B",
        "minimum_capacity": 5,
        "minimun_temperature": -16
    },
    {
        "id": 10,
        "address": "Address_358",
        "telephone": "11369619",
        "warehouse_code": "WH_C",
        "minimum_capacity": 18,
        "minimun_temperature": -19
    },
    {
        "id": 11,
        "address": "Address_824",
        "telephone": "22997134",
        "warehouse_code": "WH_B",
        "minimum_capacity": 19,
        "minimun_temperature": 0
    },
    {
        "id": 12,
        "address": "Address_157",
        "telephone": "60983856",
        "warehouse_code": "WH_E",
        "minimum_capacity": 21,
        "minimun_temperature": 1
    },
    {
        "id": 13,
        "address": "Address_965",
        "telephone": "97526810",
        "warehouse_code": "WH_D",
        "minimum_capacity": 21,
        "minimun_temperature": 7
    },
    {
        "id": 14,
        "address": "Address_246",
        "telephone": "24850359",
        "warehouse_code": "WH_D",
        "minimum_capacity": 40,
        "minimun_temperature": -20
    },
    {
        "id": 15,
        "address": "Address_697",
        "telephone": "71129865",
        "warehouse_code": "WH_E",
        "minimum_capacity": 46,
        "minimun_temperature": -13
    },
    {
        "id": 16,
        "address": "Address_74",
        "telephone": "46407510",
        "warehouse_code": "WH_B",
        "minimum_capacity": 8,
        "minimun_temperature": -16
    },
    {
        "id": 17,
        "address": "Address_542",
        "telephone": "78469298",
        "warehouse_code": "WH_C",
        "minimum_capacity": 14,
        "minimun_temperature": -11
    },
    {
        "id": 18,
        "address": "Address_718",
        "telephone": "41444304",
        "warehouse_code": "WH_B",
        "minimum_capacity": 6,
        "minimun_temperature": -2
    },
    {
        "id": 19,
        "address": "Address_228",
        "telephone": "52665479",
        "warehouse_code": "WH_C",
        "minimum_capacity": 24,
        "minimun_temperature": 5
    },
    {
        "id": 20,
        "address": "Address_962",
        "telephone": "83612051",
        "warehouse_code": "WH_C",
        "minimum_capacity": 11,
        "minimun_temperature": 7
    },
    {
        "id": 21,
        "address": "Address_312",
        "telephone": "36465840",
        "warehouse_code": "WH_E",
        "minimum_capacity": 28,
        "minimun_temperature": -16
    },
    {
        "id": 22,
        "address": "Address_661",
        "telephone": "92847399",
        "warehouse_code": "WH_E",
        "minimum_capacity": 25,
        "minimun_temperature": -8
    },
    {
        "id": 23,
        "address": "Address_753",
        "telephone": "58395021",
        "warehouse_code": "WH_C",
        "minimum_capacity": 47,
        "minimun_temperature": -15
    },
    {
        "id": 24,
        "address": "Address_89",
        "telephone": "85625895",
        "warehouse_code": "WH_D",
        "minimum_capacity": 39,
        "minimun_temperature": 6
    },
    {
        "id": 25,
        "address": "Address_471",
        "telephone": "95337506",
        "warehouse_code": "WH_A",
        "minimum_capacity": 14,
        "minimun_temperature": -6
    },
    {
        "id": 26,
        "address": "Address_289",
        "telephone": "80967265",
        "warehouse_code": "WH_B",
        "minimum_capacity": 17,
        "minimun_temperature": 15
    },
    {
        "id": 27,
        "address": "Address_697",
        "telephone": "35101224",
        "warehouse_code": "WH_C",
        "minimum_capacity": 49,
        "minimun_temperature": -12
    },
    {
        "id": 28,
        "address": "Address_128",
        "telephone": "45477625",
        "warehouse_code": "WH_D",
        "minimum_capacity": 38,
        "minimun_temperature": 9
    },
    {
        "id": 29,
        "address": "Address_402",
        "telephone": "50852306",
        "warehouse_code": "WH_C",
        "minimum_capacity": 41,
        "minimun_temperature": -8
    },
    {
        "id": 30,
        "address": "Address_256",
        "telephone": "57593417",
        "warehouse_code": "WH_D",
        "minimum_capacity": 12,
        "minimun_temperature": -13
    },
    {
        "id": 31,
        "address": "Address_792",
        "telephone": "92356111",
        "warehouse_code": "WH_E",
        "minimum_capacity": 42,
        "minimun_temperature": 1
    },
    {
        "id": 32,
        "address": "Address_29",
        "telephone": "29733214",
        "warehouse_code": "WH_E",
        "minimum_capacity": 32,
        "minimun_temperature": -17
    },
    {
        "id": 33,
        "address": "Address_303",
        "telephone": "82360791",
        "warehouse_code": "WH_E",
        "minimum_capacity": 49,
        "minimun_temperature": 5
    },
    {
        "id": 34,
        "address": "Address_626",
        "telephone": "84859595",
        "warehouse_code": "WH_D",
        "minimum_capacity": 5,
        "minimun_temperature": 14
    },
    {
        "id": 35,
        "address": "Address_31",
        "telephone": "32690176",
        "warehouse_code": "WH_A",
        "minimum_capacity": 7,
        "minimun_temperature": 10
    },
    {
        "id": 36,
        "address": "Address_646",
        "telephone": "85845160",
        "warehouse_code": "WH_D",
        "minimum_capacity": 17,
        "minimun_temperature": 6
    },
    {
        "id": 37,
        "address": "Address_813",
        "telephone": "56842475",
        "warehouse_code": "WH_A",
        "minimum_capacity": 46,
        "minimun_temperature": -10
    },
    {
        "id": 38,
        "address": "Address_905",
        "telephone": "47836830",
        "warehouse_code": "WH_E",
        "minimum_capacity": 11,
        "minimun_temperature": -19
    },
    {
        "id": 39,
        "address": "Address_112",
        "telephone": "79153601",
        "warehouse_code": "WH_C",
        "minimum_capacity": 14,
        "minimun_temperature": -5
    },
    {
        "id": 40,
        "address": "Address_114",
        "telephone": "25258904",
        "warehouse_code": "WH_A",
        "minimum_capacity": 19,
        "minimun_temperature": -14
    },
    {
        "id": 41,
        "address": "Address_765",
        "telephone": "41422393",
        "warehouse_code": "WH_C",
        "minimum_capacity": 39,
        "minimun_temperature": -8
    },
    {
        "id": 42,
        "address": "Address_94",
        "telephone": "42895745",
        "warehouse_code": "WH_D",
        "minimum_capacity": 14,
        "minimun_temperature": 3
    },
    {
        "id": 43,
        "address": "Address_107",
        "telephone": "33583531",
        "warehouse_code": "WH_D",
        "minimum_capacity": 26,
        "minimun_temperature": -16
    },
    {
        "id": 44,
        "address": "Address_157",
        "telephone": "85711368",
        "warehouse_code": "WH_C",
        "minimum_capacity": 41,
        "minimun_temperature": 12
    },
    {
        "id": 45,
        "address": "Address_385",
        "telephone": "65048264",
        "warehouse_code": "WH_A",
        "minimum_capacity": 20,
        "minimun_temperature": -16
    },
    {
        "id": 46,
        "address": "Address_31",
        "telephone": "45315593",
        "warehouse_code": "WH_A",
        "minimum_capacity": 19,
        "minimun_temperature": -11
    },
    {
        "id": 47,
        "address": "Address_85",
        "telephone": "97930646",
        "warehouse_code": "WH_C",
        "minimum_capacity": 31,
        "minimun_temperature": 9
    },
    {
        "id": 48,
        "address": "Address_960",
        "telephone": "98272296",
        "warehouse_code": "WH_C",
        "minimum_capacity": 7,
        "minimun_temperature": 11
    },
    {
        "id": 49,
        "address": "Address_519",
        "telephone": "52382184",
        "warehouse_code": "WH_E",
        "minimum_capacity": 32,
        "minimun_temperature": 11
    },
    {
        "id": 50,
        "address": "Address_20",
        "telephone": "11686323",
        "warehouse_code": "WH_C",
        "minimum_capacity": 33,
        "minimun_temperature": -10
    }
]